description,url,street,rooms,area_m2,floor,building_series,price_per_m2_raw,price_raw,price_per_m2,price_eur,price_period,floor_number,building_floors,is_ground_floor,is_top_floor,calculated_price_per_m2,price_m2_difference
"Elegants 4 istabu dzīvoklis ar panorāmas skatu, plašu terasi , p",https://www.ss.com/msg/en/real-estate/flats/riga/centre/gflhc.html,J. Dalina 8,4,227,19/24,New,"3,040 €","690,000  €",3040,690000,unknown,19,24,False,False,3039.647577092511,0.35242290748919913
"Elegants 4 istabu dzīvoklis ar panorāmas skatu, plašu terasi dzī",https://www.ss.com/msg/en/real-estate/flats/riga/centre/afxph.html,J. Dalina 8,4,227,19/24,New,"3,040 €","690,000  €",3040,690000,unknown,19,24,False,False,3039.647577092511,0.35242290748919913
"Продается просторная и светлая 5-комнатная двухэтажная квартира,",https://www.ss.com/msg/en/real-estate/flats/riga/centre/hhfip.html,Zaubes 9А,5,191,6/6,New,"3,084 €","589,000  €",3084,589000,unknown,6,6,False,True,3083.7696335078535,0.23036649214645877
"Izsmalcināta rezidence Rīgas Klusajā centrā, saulainajā Vīlandes",https://www.ss.com/msg/en/real-estate/flats/riga/centre/aggjl.html,Vilandes 8,4,165,2/5,Recon.,"3,321 €","548,000  €",3321,548000,unknown,2,5,False,False,3321.212121212121,0.2121212121210192
Pārdošanā izsmalcināts dizaina dzīvoklis prestižajā Forburgas kv,https://www.ss.com/msg/en/real-estate/flats/riga/centre/beidbl.html,Eksporta 4,6,205,2/6,Recon.,"3,366 €","690,000  €",3366,690000,unknown,2,6,False,False,3365.8536585365855,0.14634146341450105
"Quiet center, new, design masterpiece, sunny, top quality apartm",https://www.ss.com/msg/en/real-estate/flats/riga/centre/ddbdd.html,Eksporta 4,6,205,2/6,Recon.,"3,366 €","690,000  €",3366,690000,unknown,2,6,False,False,3365.8536585365855,0.14634146341450105
"Forburgas kvartālā, vienā no Rīgas elegantākajiem un pieprasītāk",https://www.ss.com/msg/en/real-estate/flats/riga/centre/dffpb.html,Ausekla 5,6,205,2/6,Pre-war house,"3,366 €","690,000  €",3366,690000,unknown,2,6,False,False,3365.8536585365855,0.14634146341450105
Izsmalcināts franču stila dzīvoklis vēstniecību rajonā ar privāt,https://www.ss.com/msg/en/real-estate/flats/riga/centre/fxxpp.html,Ausekla 2,6,221,3/6,Recon.,"3,394 €","750,000  €",3394,750000,unknown,3,6,False,False,3393.665158371041,0.3348416289591114
Pārdod dzīvoklis Ģertrūdes ielas aplī vēsturiskā renovētā ēkā,https://www.ss.com/msg/en/real-estate/flats/riga/centre/hfekm.html,Gertrudes 9,4,153,2/7,Pre-war house,"3,486 €","533,400  €",3486,533400,unknown,2,7,False,False,3486.274509803922,0.2745098039217737
Pārdod elegantu izsmalcināta dizaina dzīvokli Alberta ielā 1 pil,https://www.ss.com/msg/en/real-estate/flats/riga/centre/bdhpf.html,Alberta 1,6,209,5/5,Recon.,"3,565 €","745,000  €",3565,745000,unknown,5,5,False,True,3564.593301435407,0.4066985645931709
"Продаётся просторная изящная квартира в историческом центре, в д",https://www.ss.com/msg/en/real-estate/flats/riga/centre/glmbi.html,Pumpura 5,5,330,2/5,Recon.,"3,636 €","1,200,000  €",3636,1200000,unknown,2,5,False,False,3636.3636363636365,0.36363636363648766
"Skolas iela 4

Plašs 4 istabu dzīvoklis 147, 6 m² platībā. 
D",https://www.ss.com/msg/en/real-estate/flats/riga/centre/ajcbf.html,Skolas 4,4,148,4/7,Pre-war house,"3,649 €","540,000  €",3649,540000,unknown,4,7,False,False,3648.6486486486488,0.35135135135124074
Pilnībā atjaunots dizaina dzīvoklis Rīgas centrā – Baznīcas ielā,https://www.ss.com/msg/en/real-estate/flats/riga/centre/gblck.html,Baznicas 27,4,158,5/5,Pre-war house,"3,734 €","590,000  €",3734,590000,unknown,5,5,False,True,3734.1772151898736,0.17721518987355012
Attīstītājs pārdod penthouse tipa dzīvokli Nr. 14 ir ar plašu pa,https://www.ss.com/msg/en/real-estate/flats/riga/centre/acdmi.html,Skolas 17,3,169,7/7,New,"3,831 €","647,500  €",3831,647500,unknown,7,7,False,True,3831.360946745562,0.3609467455621598
"Dizaina meistardarbs Rīgas sirdī:

Augstākās kvalitātes dzīvok",https://www.ss.com/msg/en/real-estate/flats/riga/centre/adgoj.html,Baznicas 7,4,155,3/5,Recon.,"3,839 €","595,000  €",3839,595000,unknown,3,5,False,False,3838.7096774193546,0.290322580645352
Plaša un privāta terase Rīgas Klusajā centrā - Kalpaka Rezidencē,https://www.ss.com/msg/en/real-estate/flats/riga/centre/afock.html,Kalpaka boul. 7,3,155,5/5,Recon.,"3,839 €","595,000  €",3839,595000,unknown,5,5,False,True,3838.7096774193546,0.290322580645352
Dzīvoklis vēsturiskā ēkā ar mūsdienu tehnoloģijām un izsmalcināt,https://www.ss.com/msg/en/real-estate/flats/riga/centre/hbplk.html,Baznicas 7,5,155,3/5,Pre-war house,"3,839 €","595,000  €",3839,595000,unknown,3,5,False,False,3838.7096774193546,0.290322580645352
"Izvēlies Magdalēnas kvartāls vietu, kur pilsēta satiekas ar Mier",https://www.ss.com/msg/en/real-estate/flats/riga/centre/cpfjx.html,Antonijas 17A,3,142,2/6,New,"3,965 €","563,000  €",3965,563000,unknown,2,6,False,False,3964.788732394366,0.21126760563402058
Pārdod ekskluzīvu divstāvu dzīvokli ar terasi Rīgas Klusajā cent,https://www.ss.com/msg/en/real-estate/flats/riga/centre/bcjjjk.html,Strelnieku 1b,,380,4/4,Pre-war house,"4,000 €","1,520,000  €",4000,1520000,unknown,4,4,False,True,4000.0,0.0
Attīstītājs un īpašnieks – kompāniju grupa “R. Evolution” – pārd,https://www.ss.com/msg/en/real-estate/flats/riga/centre/apchl.html,Strelnieku 5,3,139,5/7,New,"4,194 €","583,000  €",4194,583000,unknown,5,7,False,False,4194.244604316546,0.2446043165464289
Piedāvājam labiekārtotu ekskluzīvu 5 istabu dzīvokli prestižajā,https://www.ss.com/msg/en/real-estate/flats/riga/centre/bcjden.html,Rupniecibas 21,5,161,6/7,New,"4,255 €","685,000  €",4255,685000,unknown,6,7,False,False,4254.658385093167,0.3416149068325467
Attīstītājs pārdod penthouse tipa dzīvokli Nr. 13 ir ar plašu pa,https://www.ss.com/msg/en/real-estate/flats/riga/centre/dlhgb.html,Skolas 17,5,181,6/7,New,"4,304 €","778,936  €",4304,778936,unknown,6,7,False,False,4303.513812154696,0.4861878453039026
Ziemas dārzs un plaša privātā terase pašā Rīgas centrā virs slav,https://www.ss.com/msg/en/real-estate/flats/riga/centre/elnbj.html,Baznicas 27/29,5,202,2/5,Recon.,"4,455 €","900,000  €",4455,900000,unknown,2,5,False,False,4455.445544554455,0.4455445544554095
"Kompāniju grupa R. Evolution, projekta attīstītājs un īpašnieks,",https://www.ss.com/msg/en/real-estate/flats/riga/centre/bckkon.html,Strelnieku 5,3,108,3/7,New,"4,722 €","510,000  €",4722,510000,unknown,3,7,False,False,4722.222222222223,0.22222222222262644
Pārdod elegantu klasiskā stila dzīvokli pilnībā renovētā jūgends,https://www.ss.com/msg/en/real-estate/flats/riga/centre/gcjkg.html,Alberta 1,5,161,2/5,Recon.,"4,783 €","770,000  €",4783,770000,unknown,2,5,False,False,4782.608695652174,0.39130434782600787
Elegants dzīvoklis vēsturiskā namā Rīgas centrā Elizabetes ielā,https://www.ss.com/msg/en/real-estate/flats/riga/centre/agplo.html,Elizabetes 22,3,136,2/6,Recon.,"4,963 €","675,000  €",4963,675000,unknown,2,6,False,False,4963.235294117647,0.23529411764684482
Ekskluzīvs dzīvoklis ar skatu pār Kronvalda parka koku galotnēm,https://www.ss.com/msg/en/real-estate/flats/riga/centre/fegjd.html,Kalpaka boul. 7,4,107,4/5,Recon.,"5,065 €","542,000  €",5065,542000,unknown,4,5,False,False,5065.420560747663,0.4205607476633304
Attīstītājs un īpašnieks – kompāniju grupa “R. Evolution” – pārd,https://www.ss.com/msg/en/real-estate/flats/riga/centre/fdkhj.html,Strelnieku 5,4,123,1/7,New,"5,276 €","649,000  €",5276,649000,unknown,1,7,True,False,5276.422764227642,0.4227642276418919
Attīstītājs un īpašnieks – kompāniju grupa “R. Evolution” – pārd,https://www.ss.com/msg/en/real-estate/flats/riga/centre/aefif.html,Strelnieku 5,4,118,2/7,New,"5,297 €","625,000  €",5297,625000,unknown,2,7,False,False,5296.610169491525,0.3898305084749154
Tiek pārdots praktiski jauns un pilnībā mēbelēts 4-istabu dzīvok,https://www.ss.com/msg/en/real-estate/flats/riga/centre/bcfmb.html,Melngaila 2,4,153,3/7,New,"5,418 €","829,000  €",5418,829000,unknown,3,7,False,False,5418.300653594772,0.3006535947715747
Piedāvājam iegādāties plašu un izsmalcinātu 3 istabu dzīvokli El,https://www.ss.com/msg/en/real-estate/flats/riga/centre/amgib.html,Elizabetes 18,3,102,3/6,Recon.,"5,490 €","560,000  €",5490,560000,unknown,3,6,False,False,5490.196078431372,0.1960784313723707
Piedāvājam jaunu un elegantu dzīvokli renovētā ēkā pašā Rīgas ce,https://www.ss.com/msg/en/real-estate/flats/riga/centre/bebkoj.html,Raina boul. 27,2,45,2/6,Recon.,"5,556 €","250,000  €",5556,250000,unknown,2,6,False,False,5555.555555555556,0.4444444444443434
"Pārdod skaistu dzīvokli unikālā dzīvojamā ēkā Hoft, Rīgas klusaj",https://www.ss.com/msg/en/real-estate/flats/riga/centre/genmm.html,Strelnieku 5,3,85,4/6,New,"5,588 €","475,000  €",5588,475000,unknown,4,6,False,False,5588.235294117647,0.23529411764684482
Elegant Penthouse Residence in the Quiet Centre – Ausekļa 14.,https://www.ss.com/msg/en/real-estate/flats/riga/centre/algbd.html,Ausekla 14,4,241,6/6,New,"6,556 €","1,580,000  €",6556,1580000,unknown,6,6,False,True,6556.016597510374,0.01659751037368551
